review_text,rating,scrape_date,review_date,word_count,category
"The worst music for all of Xinyi, would not visit even on Thursdays when they have free entry for foreigners before midnight. ‚Ä¶",1,12/31/2025,12/1/2025,23,Music & DJ
"The worst music for all of Xinyi, would not visit even on Thursdays when they have free entry for foreigners before midnight. ‚Ä¶",1,12/31/2025,12/1/2025,23,Price & Entry
"Got the impression that this was supposed to be a club of the future, with advanced visuals and effects. But it‚Äôs a pretty normal club, and a lot smaller than it looks in the pictures. Big screen behind the DJ, lights, some confetti ‚Ä¶",3,12/31/2025,12/17/2025,44,Music & DJ
"Got the impression that this was supposed to be a club of the future, with advanced visuals and effects. But it‚Äôs a pretty normal club, and a lot smaller than it looks in the pictures. Big screen behind the DJ, lights, some confetti ‚Ä¶",3,12/31/2025,12/17/2025,44,Service & Staff
Best club in Taipei! Staff are really cool! You have you to pay entrance and get unlimited drinks! Techno music is wild! ‚Ä¶,5,12/31/2025,6/4/2025,23,Music & DJ
Best club in Taipei! Staff are really cool! You have you to pay entrance and get unlimited drinks! Techno music is wild! ‚Ä¶,5,12/31/2025,6/4/2025,23,Drinks & Alcohol
Best club in Taipei! Staff are really cool! You have you to pay entrance and get unlimited drinks! Techno music is wild! ‚Ä¶,5,12/31/2025,6/4/2025,23,Service & Staff
Best club in Taipei! Staff are really cool! You have you to pay entrance and get unlimited drinks! Techno music is wild! ‚Ä¶,5,12/31/2025,6/4/2025,23,Price & Entry
Honestly it‚Äôs almost funny how much they scammed our group. They charged 700NT for the guys to enter an empty club. So embarrassing. The djs were performing for no one. I guess they had to pay them somehow üò≠ ‚Ä¶,1,12/31/2025,12/31/2024,40,Music & DJ
Honestly it‚Äôs almost funny how much they scammed our group. They charged 700NT for the guys to enter an empty club. So embarrassing. The djs were performing for no one. I guess they had to pay them somehow üò≠ ‚Ä¶,1,12/31/2025,12/31/2024,40,Drinks & Alcohol
Honestly it‚Äôs almost funny how much they scammed our group. They charged 700NT for the guys to enter an empty club. So embarrassing. The djs were performing for no one. I guess they had to pay them somehow üò≠ ‚Ä¶,1,12/31/2025,12/31/2024,40,Crowd & Atmosphere
Honestly it‚Äôs almost funny how much they scammed our group. They charged 700NT for the guys to enter an empty club. So embarrassing. The djs were performing for no one. I guess they had to pay them somehow üò≠ ‚Ä¶,1,12/31/2025,12/31/2024,40,Price & Entry
"The club looked posh, but it was too packed. The music wasn‚Äôt great either. I didn‚Äôt enjoy that much.",3,12/31/2025,12/31/2024,19,Music & DJ
"The club looked posh, but it was too packed. The music wasn‚Äôt great either. I didn‚Äôt enjoy that much.",3,12/31/2025,12/31/2024,19,Crowd & Atmosphere
"The club looked posh, but it was too packed. The music wasn‚Äôt great either. I didn‚Äôt enjoy that much.",3,12/31/2025,12/31/2024,19,Facilities & Safety
"Terrible experience. If you don‚Äôt have a table and just pay NT700 to go in, you‚Äôll feel out of place. Everyone is unfriendly and fierce there, as if you owe them money. In Cantonese term, they are ‚Äú800‚Äù. Definitely saw a totally opposite ‚Ä¶",1,12/31/2025,1/1/2024,44,Service & Staff
"Terrible experience. If you don‚Äôt have a table and just pay NT700 to go in, you‚Äôll feel out of place. Everyone is unfriendly and fierce there, as if you owe them money. In Cantonese term, they are ‚Äú800‚Äù. Definitely saw a totally opposite ‚Ä¶",1,12/31/2025,1/1/2024,44,Price & Entry
"Terrible experience. If you don‚Äôt have a table and just pay NT700 to go in, you‚Äôll feel out of place. Everyone is unfriendly and fierce there, as if you owe them money. In Cantonese term, they are ‚Äú800‚Äù. Definitely saw a totally opposite ‚Ä¶",1,12/31/2025,1/1/2024,44,Facilities & Safety
"Got scammed tonight, arrived with my friends and entered before midnight, no one was charged entrance fee, except me, 1000 NTD. When I asked why, they didn't give me a reason. Avoid this place.",1,12/31/2025,12/31/2024,34,Price & Entry
"Got scammed tonight, arrived with my friends and entered before midnight, no one was charged entrance fee, except me, 1000 NTD. When I asked why, they didn't give me a reason. Avoid this place.",1,12/31/2025,12/31/2024,34,Facilities & Safety
This place manages to be a combination of so packed you can't even move and yet totally dead at the same time. The crowd is super low energy - even with famous visiting DJs nobody is dancing or having anything approaching a good time. ‚Ä¶,1,12/31/2025,1/1/2024,45,Music & DJ
This place manages to be a combination of so packed you can't even move and yet totally dead at the same time. The crowd is super low energy - even with famous visiting DJs nobody is dancing or having anything approaching a good time. ‚Ä¶,1,12/31/2025,1/1/2024,45,Crowd & Atmosphere
This place manages to be a combination of so packed you can't even move and yet totally dead at the same time. The crowd is super low energy - even with famous visiting DJs nobody is dancing or having anything approaching a good time. ‚Ä¶,1,12/31/2025,1/1/2024,45,Service & Staff
This place manages to be a combination of so packed you can't even move and yet totally dead at the same time. The crowd is super low energy - even with famous visiting DJs nobody is dancing or having anything approaching a good time. ‚Ä¶,1,12/31/2025,1/1/2024,45,Facilities & Safety
"Terrible Service, Terrible Attitude, Go at your own risk! Do not be fooled, this club is actually rated 2.9stars, but created a new account to show a higher rating. ‚Ä¶",1,12/31/2025,1/1/2024,30,Service & Staff
"Terrible Service, Terrible Attitude, Go at your own risk! Do not be fooled, this club is actually rated 2.9stars, but created a new account to show a higher rating. ‚Ä¶",1,12/31/2025,1/1/2024,30,Facilities & Safety
"Very strange situation at the door, I have been in clubs all over the world as it's the first time in my life I'm being asked for a passport to enter a club!!!... Aggressive and non polite attitude by a rude doorman that almost didn't speak English.",1,12/31/2025,1/1/2024,47,Service & Staff
Worst DJs in the world,1,12/31/2025,4/5/2025,5,Music & DJ
It‚Äôs a fabulous nightclub with nice music!,5,12/31/2025,1/2/2020,7,Music & DJ
Nice club and great service,5,12/31/2025,1/1/2023,5,Service & Staff
Not worth it,2,12/31/2025,1/1/2024,3,Price & Entry
AI PR is so amazing!!! ü´∂üèª Super thoughtful! They take care of everyone! ‚Ä¶,5,12/31/2025,12/1/2025,14,Service & Staff
7/18 DJ Qiang Qiang is really super exciting ü•≥‚≠êü´∂üèª ‚Ä¶,5,12/31/2025,8/3/2025,10,Music & DJ
7/18 DJ Qiang Qiang is really super exciting ü•≥‚≠êü´∂üèª ‚Ä¶,5,12/31/2025,8/3/2025,10,Crowd & Atmosphere
"If you want to dance, take photos and enjoy the nightlife with friends, this is the place for you.",5,12/31/2025,11/1/2025,19,Crowd & Atmosphere
"If you want to dance, take photos and enjoy the nightlife with friends, this is the place for you.",5,12/31/2025,11/1/2025,19,Facilities & Safety
"AI Music has the best music in Taipei, it's super fun, the music is great, and the customers are very well-mannered.",5,12/31/2025,11/1/2025,21,Music & DJ
"AI Music has the best music in Taipei, it's super fun, the music is great, and the customers are very well-mannered.",5,12/31/2025,11/1/2025,21,Crowd & Atmosphere
"This nightclub is really fun, the music is great, and the staff are handsome.",5,12/31/2025,12/1/2025,14,Music & DJ
"This nightclub is really fun, the music is great, and the staff are handsome.",5,12/31/2025,12/1/2025,14,Crowd & Atmosphere
"This nightclub is really fun, the music is great, and the staff are handsome.",5,12/31/2025,12/1/2025,14,Service & Staff
"Excellent service, a must-visit in Taipei!",5,12/31/2025,12/25/2025,6,Service & Staff
The music was great and the atmosphere was wonderful. I'll definitely come back with friends next time. I highly recommend AI's PR team! üëç Excellent service. ‚Ä¶,5,12/31/2025,1/1/2023,27,Music & DJ
The music was great and the atmosphere was wonderful. I'll definitely come back with friends next time. I highly recommend AI's PR team! üëç Excellent service. ‚Ä¶,5,12/31/2025,1/1/2023,27,Crowd & Atmosphere
The music was great and the atmosphere was wonderful. I'll definitely come back with friends next time. I highly recommend AI's PR team! üëç Excellent service. ‚Ä¶,5,12/31/2025,1/1/2023,27,Service & Staff
The music was great and the atmosphere was wonderful. I'll definitely come back with friends next time. I highly recommend AI's PR team! üëç Excellent service. ‚Ä¶,5,12/31/2025,1/1/2023,27,Facilities & Safety
"Celebrated a friend's birthday, opened champagne and had a champagne girl serve the wine. The scene was awesome and the atmosphere was great. Thank you PR Da Ai for your help. You must come to Ai for birthdays and find Da Ai to book a private room. It's awesome!",5,12/31/2025,1/1/2023,49,Drinks & Alcohol
"Celebrated a friend's birthday, opened champagne and had a champagne girl serve the wine. The scene was awesome and the atmosphere was great. Thank you PR Da Ai for your help. You must come to Ai for birthdays and find Da Ai to book a private room. It's awesome!",5,12/31/2025,1/1/2023,49,Crowd & Atmosphere
"Celebrated a friend's birthday, opened champagne and had a champagne girl serve the wine. The scene was awesome and the atmosphere was great. Thank you PR Da Ai for your help. You must come to Ai for birthdays and find Da Ai to book a private room. It's awesome!",5,12/31/2025,1/1/2023,49,Service & Staff
"Nice music, good sound quality",5,12/31/2025,7/4/2025,5,Music & DJ
The music is great and there are many foreigners,5,12/31/2025,11/1/2025,9,Music & DJ
"AI is the most dedicated PR expert! üëçüëç You absolutely must contact him! Handsome, excellent service, and incredibly considerate! ‚ù§Ô∏è‚ù§Ô∏è‚ù§Ô∏è He caters to all my interests and hobbies! ü§üü§üü§ü ‚Ä¶",5,12/31/2025,12/1/2025,30,Service & Staff
"AI is the most dedicated PR expert! üëçüëç You absolutely must contact him! Handsome, excellent service, and incredibly considerate! ‚ù§Ô∏è‚ù§Ô∏è‚ù§Ô∏è He caters to all my interests and hobbies! ü§üü§üü§ü ‚Ä¶",5,12/31/2025,12/1/2025,30,Facilities & Safety
"It's been so long since I've been to a nightclub, I was so happy there were so many people!",5,12/31/2025,2/4/2025,19,Crowd & Atmosphere
The atmosphere is great; it's one of the few stores that focuses solely on EDM (Email Direct Marketing).,5,12/31/2025,8/3/2025,18,Music & DJ
The atmosphere is great; it's one of the few stores that focuses solely on EDM (Email Direct Marketing).,5,12/31/2025,8/3/2025,18,Crowd & Atmosphere
Daai PR is very nice and good~,5,12/31/2025,10/2/2025,7,Service & Staff
The PR person was very friendly and explained everything we didn't understand in detail. It was great!!,5,12/31/2025,1/1/2023,17,Service & Staff
The space is large and the wine tastes good,5,12/31/2025,11/1/2025,9,Drinks & Alcohol
The space is large and the wine tastes good,5,12/31/2025,11/1/2025,9,Crowd & Atmosphere
The space is large and the wine tastes good,5,12/31/2025,11/1/2025,9,Facilities & Safety
I am looking for a publicist who loves me. It is safe to have fun and the people are friendly. The nightclub is very fun and a very good and high-quality store. It is worth visiting ‚ù§Ô∏è Like!,5,12/31/2025,1/1/2023,38,Crowd & Atmosphere
I am looking for a publicist who loves me. It is safe to have fun and the people are friendly. The nightclub is very fun and a very good and high-quality store. It is worth visiting ‚ù§Ô∏è Like!,5,12/31/2025,1/1/2023,38,Service & Staff
I am looking for a publicist who loves me. It is safe to have fun and the people are friendly. The nightclub is very fun and a very good and high-quality store. It is worth visiting ‚ù§Ô∏è Like!,5,12/31/2025,1/1/2023,38,Price & Entry
I am looking for a publicist who loves me. It is safe to have fun and the people are friendly. The nightclub is very fun and a very good and high-quality store. It is worth visiting ‚ù§Ô∏è Like!,5,12/31/2025,1/1/2023,38,Facilities & Safety
"The PR service is good, the seats are arranged quickly, and it is trustworthy.",5,12/31/2025,1/1/2023,14,Service & Staff
"The PR service is good, the seats are arranged quickly, and it is trustworthy.",5,12/31/2025,1/1/2023,14,Price & Entry
The wine is good and the PR person is great.,5,12/31/2025,11/1/2025,10,Drinks & Alcohol
The wine is good and the PR person is great.,5,12/31/2025,11/1/2025,10,Service & Staff
Ai Nightclub is a sound and lighting company. They are really dedicated and use the best hardware. This is a great place‚ùó,5,12/31/2025,1/1/2023,22,Music & DJ
Ai Nightclub is a sound and lighting company. They are really dedicated and use the best hardware. This is a great place‚ùó,5,12/31/2025,1/1/2023,22,Facilities & Safety
I haven't been to a nightclub for a long time. Thank you for the PR. The service was great and the music was really exciting. I loved it!,5,12/31/2025,1/1/2023,28,Music & DJ
I haven't been to a nightclub for a long time. Thank you for the PR. The service was great and the music was really exciting. I loved it!,5,12/31/2025,1/1/2023,28,Crowd & Atmosphere
I haven't been to a nightclub for a long time. Thank you for the PR. The service was great and the music was really exciting. I loved it!,5,12/31/2025,1/1/2023,28,Service & Staff
The music EDM is pretty good. The space is large. The overall feeling is great. I will come again next time.,5,12/31/2025,1/2/2020,21,Music & DJ
The music EDM is pretty good. The space is large. The overall feeling is great. I will come again next time.,5,12/31/2025,1/2/2020,21,Crowd & Atmosphere
The music EDM is pretty good. The space is large. The overall feeling is great. I will come again next time.,5,12/31/2025,1/2/2020,21,Service & Staff
The music EDM is pretty good. The space is large. The overall feeling is great. I will come again next time.,5,12/31/2025,1/2/2020,21,Facilities & Safety
"It's a really good club. The sound, lighting, and the interior are all great.",5,12/31/2025,12/31/2024,14,Music & DJ
The nightclub has a great atmosphere and the PR service is excellent!,5,12/31/2025,1/1/2023,12,Crowd & Atmosphere
The nightclub has a great atmosphere and the PR service is excellent!,5,12/31/2025,1/1/2023,12,Service & Staff
"PR Da Ai is truly the best PR I've ever met. üòç He's completely unassuming and very considerate. ü•≥ He knew my friends and I weren't big drinkers, but he still kept us supplied with Coke. ü•∞ Where can I find a PR who's beyond 100?‚ù§Ô∏è‚ù§Ô∏è‚ù§Ô∏è ‚Ä¶",5,12/31/2025,1/1/2023,47,Drinks & Alcohol
"PR Da Ai is truly the best PR I've ever met. üòç He's completely unassuming and very considerate. ü•≥ He knew my friends and I weren't big drinkers, but he still kept us supplied with Coke. ü•∞ Where can I find a PR who's beyond 100?‚ù§Ô∏è‚ù§Ô∏è‚ù§Ô∏è ‚Ä¶",5,12/31/2025,1/1/2023,47,Service & Staff
"I haven't been there for a long time, but DaAi led us very smoothly and we entered smoothly. I was very worried at first üòÜ, it is important to choose the right PR. ‚Ä¶",5,12/31/2025,1/1/2024,34,Service & Staff
The atmosphere is great. The venue and music are great. Taiwan's number one nightclub ü´∂ü´∂ ‚Ä¶,5,12/31/2025,1/1/2023,16,Music & DJ
The atmosphere is great. The venue and music are great. Taiwan's number one nightclub ü´∂ü´∂ ‚Ä¶,5,12/31/2025,1/1/2023,16,Crowd & Atmosphere
The music is amazing! üëç ‚Ä¶,5,12/31/2025,12/1/2025,6,Music & DJ
The sound system is amazing! Taiwan's number one nightclub is truly impressive! üéßüé∏ ‚Ä¶,5,12/31/2025,1/1/2023,14,Music & DJ
The sound system is amazing! Taiwan's number one nightclub is truly impressive! üéßüé∏ ‚Ä¶,5,12/31/2025,1/1/2023,14,Service & Staff
"The service is good and the decoration and facilities are also very good. This time I came to Taipei on a whim and asked the public relations ""Da Ai"" to help me handle it. My friend was very satisfied. The music was really great and the venue was also very large. We had a great time all night üëç ‚Ä¶",5,12/31/2025,1/1/2023,60,Music & DJ
"The service is good and the decoration and facilities are also very good. This time I came to Taipei on a whim and asked the public relations ""Da Ai"" to help me handle it. My friend was very satisfied. The music was really great and the venue was also very large. We had a great time all night üëç ‚Ä¶",5,12/31/2025,1/1/2023,60,Service & Staff
"The service is good and the decoration and facilities are also very good. This time I came to Taipei on a whim and asked the public relations ""Da Ai"" to help me handle it. My friend was very satisfied. The music was really great and the venue was also very large. We had a great time all night üëç ‚Ä¶",5,12/31/2025,1/1/2023,60,Facilities & Safety
Relax and listen to music,5,12/31/2025,11/1/2025,5,Music & DJ
"It's been over a year since my last visit. The new decor is even better; the lighting and sound effects are top-notch. It's been so long since I've seen my PR representative, and she's still as friendly as ever. It's wonderful!",5,12/31/2025,1/1/2023,41,Music & DJ
"It's been over a year since my last visit. The new decor is even better; the lighting and sound effects are top-notch. It's been so long since I've seen my PR representative, and she's still as friendly as ever. It's wonderful!",5,12/31/2025,1/1/2023,41,Service & Staff
"It was a lot of fun, I'll definitely come back again. It's a pity I booked too late, so the seats were at the back. I suggest booking a week in advance. Thank you to the PR person for their lovely and helpful explanation.",5,12/31/2025,1/1/2023,44,Crowd & Atmosphere
"It was a lot of fun, I'll definitely come back again. It's a pity I booked too late, so the seats were at the back. I suggest booking a week in advance. Thank you to the PR person for their lovely and helpful explanation.",5,12/31/2025,1/1/2023,44,Service & Staff
"It was a lot of fun, I'll definitely come back again. It's a pity I booked too late, so the seats were at the back. I suggest booking a week in advance. Thank you to the PR person for their lovely and helpful explanation.",5,12/31/2025,1/1/2023,44,Facilities & Safety
The public relations service was excellent; the timing and private room arrangements were also very good.,5,12/31/2025,4/5/2025,16,Service & Staff
I had a really fun time last night~ Hahahaü§£ The people watching the live performance were all enthusiastically participating~ Hahahahaü§£üòπüôäüôàüôâüò∫ü•≥ü•∞üíØüëçüëèü§ü ‚Ä¶,5,12/31/2025,1/1/2023,21,Crowd & Atmosphere
The PR guy is so cool and awesome~ You must find him to book a private room~ I am Xiaoyi,5,12/31/2025,1/1/2024,20,Service & Staff
The venue is huge and the music is great!!,5,12/31/2025,1/1/2023,9,Music & DJ
"DJ is awesome, love it‚ô•Ô∏è",5,12/31/2025,1/1/2023,5,Music & DJ
"The music is good, the private room is not too small, and the service staff are very attentive. I will bring my friends here next time! I recommend finding a PR agent! !",5,12/31/2025,1/1/2021,33,Music & DJ
"The music is good, the private room is not too small, and the service staff are very attentive. I will bring my friends here next time! I recommend finding a PR agent! !",5,12/31/2025,1/1/2021,33,Service & Staff
"I really like Da Ai's service attitude, it's very good, AI's music is very good, next time I will bring my friends to Da Ai to book a private room!",5,12/31/2025,1/1/2023,30,Music & DJ
"I really like Da Ai's service attitude, it's very good, AI's music is very good, next time I will bring my friends to Da Ai to book a private room!",5,12/31/2025,1/1/2023,30,Service & Staff
"Remember to look for Da Ai! Good music, good service, good atmosphere",5,12/31/2025,12/31/2024,12,Music & DJ
"Remember to look for Da Ai! Good music, good service, good atmosphere",5,12/31/2025,12/31/2024,12,Crowd & Atmosphere
"Remember to look for Da Ai! Good music, good service, good atmosphere",5,12/31/2025,12/31/2024,12,Service & Staff
The atmosphere is very good,5,12/31/2025,10/2/2025,5,Crowd & Atmosphere
"I can't vouch for other places, but the AI dance floor is by far the best in my opinion! Every single one of them is incredibly beautiful! The drinks are also delicious! The space is spacious and substantial, awesome!",5,12/31/2025,1/1/2023,39,Drinks & Alcohol
"I can't vouch for other places, but the AI dance floor is by far the best in my opinion! Every single one of them is incredibly beautiful! The drinks are also delicious! The space is spacious and substantial, awesome!",5,12/31/2025,1/1/2023,39,Crowd & Atmosphere
"I can't vouch for other places, but the AI dance floor is by far the best in my opinion! Every single one of them is incredibly beautiful! The drinks are also delicious! The space is spacious and substantial, awesome!",5,12/31/2025,1/1/2023,39,Facilities & Safety
PR's love is truly amazing ‚ù§Ô∏è‚ù§Ô∏è‚ù§Ô∏è This is my first time going to a nightclub and I'm so happy~~ I absolutely have to find my lover when I go to AI! It's so great!,5,12/31/2025,1/1/2023,34,Service & Staff
The PR was very professional. I asked a lot of questions and they explained everything very clearly. It was great and very impressive!,5,12/31/2025,1/1/2023,23,Service & Staff
"The music is very good, I recommend PR Da Ai, the atmosphere in the private room is really good, everyone is welcome to come to him to book a private room!! I recommend PR Da Aiüëç ‚Ä¶",5,12/31/2025,1/1/2021,37,Music & DJ
"The music is very good, I recommend PR Da Ai, the atmosphere in the private room is really good, everyone is welcome to come to him to book a private room!! I recommend PR Da Aiüëç ‚Ä¶",5,12/31/2025,1/1/2021,37,Crowd & Atmosphere
"The music is very good, I recommend PR Da Ai, the atmosphere in the private room is really good, everyone is welcome to come to him to book a private room!! I recommend PR Da Aiüëç ‚Ä¶",5,12/31/2025,1/1/2021,37,Service & Staff
"I love the PR guy! He's so handsome and so nice, hahaha <3 Also great for the AI ‚Äã‚ÄãSpace Music~~",5,12/31/2025,1/1/2023,20,Music & DJ
"I love the PR guy! He's so handsome and so nice, hahaha <3 Also great for the AI ‚Äã‚ÄãSpace Music~~",5,12/31/2025,1/1/2023,20,Crowd & Atmosphere
"I love the PR guy! He's so handsome and so nice, hahaha <3 Also great for the AI ‚Äã‚ÄãSpace Music~~",5,12/31/2025,1/1/2023,20,Service & Staff
"I love the PR guy! He's so handsome and so nice, hahaha <3 Also great for the AI ‚Äã‚ÄãSpace Music~~",5,12/31/2025,1/1/2023,20,Facilities & Safety
The PR person is awesome! Love it ‚ù§Ô∏è The service is superb!,5,12/31/2025,1/1/2024,12,Service & Staff
"The change of environment isn't the key point; finding the right people is!  Thank you for your wonderful service! For a private room, look for him!",5,12/31/2025,1/1/2023,26,Crowd & Atmosphere
"The change of environment isn't the key point; finding the right people is!  Thank you for your wonderful service! For a private room, look for him!",5,12/31/2025,1/1/2023,26,Service & Staff
The music is good and the PR guy is very nice.,5,12/31/2025,12/31/2024,11,Music & DJ
The music is good and the PR guy is very nice.,5,12/31/2025,12/31/2024,11,Service & Staff
"PR love, great service, must go find himüëçüèªüëçüèª AI has a lot of room for improvement. Electronic music is awesomeüî•üî•üî•üî• ‚Ä¶",5,12/31/2025,1/1/2023,21,Music & DJ
"PR love, great service, must go find himüëçüèªüëçüèª AI has a lot of room for improvement. Electronic music is awesomeüî•üî•üî•üî• ‚Ä¶",5,12/31/2025,1/1/2023,21,Service & Staff
"Opening champagne gets you a champagne girl to serve you drinks, it's amazing! The atmosphere is fantastic, I had a blast, and the music was great!",5,12/31/2025,1/1/2023,26,Music & DJ
"Opening champagne gets you a champagne girl to serve you drinks, it's amazing! The atmosphere is fantastic, I had a blast, and the music was great!",5,12/31/2025,1/1/2023,26,Drinks & Alcohol
"Opening champagne gets you a champagne girl to serve you drinks, it's amazing! The atmosphere is fantastic, I had a blast, and the music was great!",5,12/31/2025,1/1/2023,26,Crowd & Atmosphere
"I highly recommend PR Da Ai, it's really great! The atmosphere in the private room is great, and friends are welcome to come to him to book a private room!",5,12/31/2025,1/1/2021,30,Crowd & Atmosphere
"I highly recommend PR Da Ai, it's really great! The atmosphere in the private room is great, and friends are welcome to come to him to book a private room!",5,12/31/2025,1/1/2021,30,Service & Staff
"Awesome place, great fun, and the music is amazing. The PR was very attentive. Highly recommend. Love the PR! Excellent service ‚ù§Ô∏è‚ù§Ô∏è‚ù§Ô∏è",5,12/31/2025,1/1/2023,22,Music & DJ
"Awesome place, great fun, and the music is amazing. The PR was very attentive. Highly recommend. Love the PR! Excellent service ‚ù§Ô∏è‚ù§Ô∏è‚ù§Ô∏è",5,12/31/2025,1/1/2023,22,Crowd & Atmosphere
"Awesome place, great fun, and the music is amazing. The PR was very attentive. Highly recommend. Love the PR! Excellent service ‚ù§Ô∏è‚ù§Ô∏è‚ù§Ô∏è",5,12/31/2025,1/1/2023,22,Service & Staff
"Awesome place, great fun, and the music is amazing. The PR was very attentive. Highly recommend. Love the PR! Excellent service ‚ù§Ô∏è‚ù§Ô∏è‚ù§Ô∏è",5,12/31/2025,1/1/2023,22,Facilities & Safety
It's fun and interesting. The atmosphere is great. It's a good place to come.,5,12/31/2025,12/31/2024,14,Crowd & Atmosphere
It's fun and interesting. The atmosphere is great. It's a good place to come.,5,12/31/2025,12/31/2024,14,Facilities & Safety
It was so crowded and super fun! I came with my friends to celebrate my birthday and had a blast!,5,12/31/2025,1/1/2023,20,Crowd & Atmosphere
"The music is nice, the atmosphere is great, and the PR is very attentive!",5,12/31/2025,1/1/2023,14,Music & DJ
"The music is nice, the atmosphere is great, and the PR is very attentive!",5,12/31/2025,1/1/2023,14,Crowd & Atmosphere
"The music is nice, the atmosphere is great, and the PR is very attentive!",5,12/31/2025,1/1/2023,14,Service & Staff
"The atmosphere was great, and the music was wonderful. I'll definitely come back again.",5,12/31/2025,1/1/2023,14,Music & DJ
"The atmosphere was great, and the music was wonderful. I'll definitely come back again.",5,12/31/2025,1/1/2023,14,Crowd & Atmosphere
"The atmosphere was great, and the music was wonderful. I'll definitely come back again.",5,12/31/2025,1/1/2023,14,Facilities & Safety
"The PR guy is super nice. He patiently answers any questions I have. His service is great! Find him, find him‚ò∫Ô∏è",5,12/31/2025,1/1/2023,21,Service & Staff
"Thank you for your great service. I've been to many nightclubs, but this is the first time I've encountered such a caring public relations staff.",5,12/31/2025,1/1/2023,25,Service & Staff
Da Ai PR service was excellent; they treated me to several drinks. I'm grateful to have their PR team here.,5,12/31/2025,1/2/2020,20,Drinks & Alcohol
Da Ai PR service was excellent; they treated me to several drinks. I'm grateful to have their PR team here.,5,12/31/2025,1/2/2020,20,Service & Staff
"The venue and DJ are both amazing!  For private room reservations, contact DaAi. 100% professionalism ‚ù§Ô∏è",5,12/31/2025,1/1/2023,16,Music & DJ
"The venue and DJ are both amazing!  For private room reservations, contact DaAi. 100% professionalism ‚ù§Ô∏è",5,12/31/2025,1/1/2023,16,Service & Staff
"The venue and DJ are both amazing!  For private room reservations, contact DaAi. 100% professionalism ‚ù§Ô∏è",5,12/31/2025,1/1/2023,16,Facilities & Safety
PR love is the most considerate ‚ù§Ô∏è‚ù§Ô∏è‚ù§Ô∏èOpen a box to find him,5,12/31/2025,1/1/2024,12,Service & Staff
The music DJ is amazing!,5,12/31/2025,5/5/2025,5,Music & DJ
Open a private room and find Daai PR‚ù§Ô∏è‚ù§Ô∏è Friendly people and easy to get along with ü•∞ ‚Ä¶,5,12/31/2025,1/1/2024,18,Crowd & Atmosphere
Open a private room and find Daai PR‚ù§Ô∏è‚ù§Ô∏è Friendly people and easy to get along with ü•∞ ‚Ä¶,5,12/31/2025,1/1/2024,18,Service & Staff
"First time at a nightclub, the PR guy is so nice! Just go find him",5,12/31/2025,1/1/2023,15,Service & Staff
Thank you for the great love of PR. The service is very attentive and I had a lot of fun!,5,12/31/2025,1/1/2023,20,Crowd & Atmosphere
Thank you for the great love of PR. The service is very attentive and I had a lot of fun!,5,12/31/2025,1/1/2023,20,Service & Staff
The songs are great! The service is great!,5,12/31/2025,12/31/2024,8,Music & DJ
The songs are great! The service is great!,5,12/31/2025,12/31/2024,8,Service & Staff
It was my first time to go to a nightclub. Da Ai was very considerate and helped us introduce how to play. It was awesome. I recommend Da Ai to the PR if I want to go to a nightclub.,5,12/31/2025,1/1/2023,40,Service & Staff
The shop is fun and the music is great.,5,12/31/2025,12/31/2024,9,Music & DJ
The shop is fun and the music is great.,5,12/31/2025,12/31/2024,9,Crowd & Atmosphere
The PR person is really nice üíô ‚Ä¶,5,12/31/2025,12/31/2024,8,Service & Staff
PR lover is super good! Push AI music is very nice!,5,12/31/2025,1/1/2023,11,Music & DJ
PR lover is super good! Push AI music is very nice!,5,12/31/2025,1/1/2023,11,Service & Staff
"The atmosphere was amazing, and there were so many people!",5,12/31/2025,12/31/2024,10,Crowd & Atmosphere
It was a great experience...the service was excellent and they were very friendly.,5,12/31/2025,1/1/2023,13,Service & Staff
"Recommend PR Da Ai, the atmosphere in the private room is really good, everyone is welcome to come to him to book a private room!! Recommend PR Da Aiüëç ‚Ä¶",5,12/31/2025,1/1/2023,30,Crowd & Atmosphere
"Recommend PR Da Ai, the atmosphere in the private room is really good, everyone is welcome to come to him to book a private room!! Recommend PR Da Aiüëç ‚Ä¶",5,12/31/2025,1/1/2023,30,Service & Staff
"PR Big Love was amazing! Excellent service, 100%! Thank you so much!",5,12/31/2025,1/1/2023,12,Service & Staff
Super exciting~ Buy champagne and get free wine from a super hot girl Highly recommended~~üëç ‚Ä¶,5,12/31/2025,1/1/2023,16,Drinks & Alcohol
Super exciting~ Buy champagne and get free wine from a super hot girl Highly recommended~~üëç ‚Ä¶,5,12/31/2025,1/1/2023,16,Crowd & Atmosphere
Super exciting~ Buy champagne and get free wine from a super hot girl Highly recommended~~üëç ‚Ä¶,5,12/31/2025,1/1/2023,16,Price & Entry
Great place. Fun. The PR is very caring and the service is good.,5,12/31/2025,1/1/2023,13,Crowd & Atmosphere
Great place. Fun. The PR is very caring and the service is good.,5,12/31/2025,1/1/2023,13,Service & Staff
Great place. Fun. The PR is very caring and the service is good.,5,12/31/2025,1/1/2023,13,Facilities & Safety
The people are very nice and the nightclub atmosphere is great. It is worth recommending.,5,12/31/2025,1/1/2023,15,Crowd & Atmosphere
The people are very nice and the nightclub atmosphere is great. It is worth recommending.,5,12/31/2025,1/1/2023,15,Price & Entry
Good music and great atmosphere,5,12/31/2025,12/31/2024,5,Music & DJ
Good music and great atmosphere,5,12/31/2025,12/31/2024,5,Crowd & Atmosphere
PR love service praise üëç ‚Ä¶,5,12/31/2025,12/31/2024,6,Service & Staff
Public relations love is very kind,5,12/31/2025,12/31/2024,6,Service & Staff
Free admission for birthday celebrants Why not come and drink to your heart's content?ü•≥ü•≥ü•≥ ‚Ä¶,5,12/31/2025,1/1/2023,15,Drinks & Alcohol
Free admission for birthday celebrants Why not come and drink to your heart's content?ü•≥ü•≥ü•≥ ‚Ä¶,5,12/31/2025,1/1/2023,15,Price & Entry
PR Love is awesome,5,12/31/2025,12/31/2024,4,Service & Staff
The PR guy is so nice. He's the right person to book a table with.,5,12/31/2025,1/1/2023,15,Service & Staff
The music atmosphere is good and the PR service is great‚ù§Ô∏è,5,12/31/2025,1/1/2023,11,Music & DJ
The music atmosphere is good and the PR service is great‚ù§Ô∏è,5,12/31/2025,1/1/2023,11,Crowd & Atmosphere
The music atmosphere is good and the PR service is great‚ù§Ô∏è,5,12/31/2025,1/1/2023,11,Service & Staff
Very good service PR,5,12/31/2025,12/31/2024,4,Service & Staff
The equipment is great and the whole atmosphere is exciting and relaxing.,5,12/31/2025,1/1/2024,12,Crowd & Atmosphere
"The wine is good, the music and the atmosphere are great",5,12/31/2025,1/1/2024,11,Music & DJ
"The wine is good, the music and the atmosphere are great",5,12/31/2025,1/1/2024,11,Drinks & Alcohol
"The wine is good, the music and the atmosphere are great",5,12/31/2025,1/1/2024,11,Crowd & Atmosphere
I can't find a better place. Love the place.,5,12/31/2025,1/1/2023,9,Facilities & Safety
"Thank you PR, I had a great time today!",5,12/31/2025,1/1/2023,9,Service & Staff
"PR Da Ai service is very good, thank you",5,12/31/2025,1/1/2024,9,Service & Staff
"The environment was comfortable, the DJ played great music, and the MC was very good at creating a lively atmosphere.",5,12/31/2025,1/2/2020,20,Music & DJ
"The environment was comfortable, the DJ played great music, and the MC was very good at creating a lively atmosphere.",5,12/31/2025,1/2/2020,20,Crowd & Atmosphere
"The music was great, the drinks were delicious, overall a fantastic experience!",5,12/31/2025,1/1/2023,12,Music & DJ
"The music was great, the drinks were delicious, overall a fantastic experience!",5,12/31/2025,1/1/2023,12,Drinks & Alcohol
"For wine, go to DaAi Public Relations and drink until you are thirsty",5,12/31/2025,1/1/2024,13,Drinks & Alcohol
"It was my first time here, and the atmosphere was great.",5,12/31/2025,1/1/2023,11,Crowd & Atmosphere
The music is great.,5,12/31/2025,2/4/2025,4,Music & DJ
The song is nice and fun,5,12/31/2025,12/31/2024,6,Music & DJ
The song is nice and fun,5,12/31/2025,12/31/2024,6,Crowd & Atmosphere
Great nightclub. Excellent facilities and decor.,5,12/31/2025,1/1/2023,6,Facilities & Safety
The first choice for electronic music in Xinyi District High quality but few children,5,12/31/2025,1/2/2020,14,Music & DJ
I love my PR. He‚Äôs great~ He‚Äôs very nice. Find him. Find himü•∞ ‚Ä¶,5,12/31/2025,1/1/2023,14,Service & Staff
Great PR team!,5,12/31/2025,12/31/2024,3,Service & Staff
"Absolutely miserable! Bad DJ, and they cheat on the drinks. A waste of time and money.",1,12/31/2025,1/1/2024,16,Music & DJ
"Absolutely miserable! Bad DJ, and they cheat on the drinks. A waste of time and money.",1,12/31/2025,1/1/2024,16,Drinks & Alcohol
"Absolutely miserable! Bad DJ, and they cheat on the drinks. A waste of time and money.",1,12/31/2025,1/1/2024,16,Price & Entry
The atmosphere is great and the music is nice too,5,12/31/2025,1/2/2020,10,Music & DJ
The atmosphere is great and the music is nice too,5,12/31/2025,1/2/2020,10,Crowd & Atmosphere
Da Ai is a very nice person with a very good service attitude,5,12/31/2025,1/2/2020,13,Service & Staff
The music is good and the wine is delicious,5,12/31/2025,1/1/2024,9,Music & DJ
The music is good and the wine is delicious,5,12/31/2025,1/1/2024,9,Drinks & Alcohol
The atmosphere was fantastic!,5,12/31/2025,2/4/2025,4,Crowd & Atmosphere
Public relations love good service,5,12/31/2025,1/1/2024,5,Service & Staff
Xiaoaiyyds is the best PR‚ù§Ô∏è,5,12/31/2025,1/1/2024,5,Service & Staff
"Great atmosphere, had a lot of fun",5,12/31/2025,1/1/2023,7,Crowd & Atmosphere
The PR is so coolüòé Very funüòú ‚Ä¶,5,12/31/2025,1/1/2023,8,Crowd & Atmosphere
The PR is so coolüòé Very funüòú ‚Ä¶,5,12/31/2025,1/1/2023,8,Service & Staff
The bar staff's attitude is quite bad,4,12/31/2025,1/2/2020,7,Drinks & Alcohol
The bar staff's attitude is quite bad,4,12/31/2025,1/2/2020,7,Service & Staff
Great love PR is amazing!,5,12/31/2025,1/1/2024,5,Service & Staff
Nice club Great service and great music,5,12/31/2025,1/1/2023,7,Music & DJ
Nice club Great service and great music,5,12/31/2025,1/1/2023,7,Service & Staff
Love it. The service is very good and friendly!,5,12/31/2025,1/1/2023,9,Service & Staff
The PR is awesome and the music is awesome too,5,12/31/2025,1/1/2023,10,Music & DJ
The PR is awesome and the music is awesome too,5,12/31/2025,1/1/2023,10,Service & Staff
Good lighting and great atmosphere,5,12/31/2025,1/1/2024,5,Crowd & Atmosphere
Nice atmosphere. Very good.,5,12/31/2025,1/1/2024,4,Crowd & Atmosphere
This place is great!,5,12/31/2025,1/1/2024,4,Facilities & Safety
Very fun. The DJ is great.,5,12/31/2025,12/31/2024,6,Music & DJ
Very fun. The DJ is great.,5,12/31/2025,12/31/2024,6,Crowd & Atmosphere
"PR, you're so handsome!",5,12/31/2025,1/1/2024,4,Service & Staff
The PR person is very good. Thanks for the help.,5,12/31/2025,1/1/2023,10,Service & Staff
The music is good and the wine is delicious,5,12/31/2025,1/1/2023,9,Music & DJ
The music is good and the wine is delicious,5,12/31/2025,1/1/2023,9,Drinks & Alcohol
The service was excellent,5,12/31/2025,1/1/2023,4,Service & Staff
Open a private room to find love! !,5,12/31/2025,1/1/2023,8,Service & Staff
The PR is awesome. The PR is awesomeüëçüèªüëçüèªüëçüèª ‚Ä¶,5,12/31/2025,1/1/2023,9,Service & Staff
PR Love is great!,5,12/31/2025,1/1/2023,4,Service & Staff
The music is great and the people are nice,5,12/31/2025,1/1/2023,9,Music & DJ
The music is great and the people are nice,5,12/31/2025,1/1/2023,9,Crowd & Atmosphere
Very nice people,5,12/31/2025,1/1/2024,3,Crowd & Atmosphere
Great love PR praise,5,12/31/2025,1/1/2024,4,Service & Staff
PR is so cool,5,12/31/2025,1/1/2024,4,Service & Staff
"Hello, Taipei nightclub public relations people!",5,12/31/2025,1/1/2024,6,Crowd & Atmosphere
The music is great,5,12/31/2025,1/1/2023,4,Music & DJ
Great PRü•∫ ‚Ä¶,5,12/31/2025,1/1/2024,3,Service & Staff
PR people are so nice ü§© ‚Ä¶,5,12/31/2025,1/1/2023,7,Crowd & Atmosphere
PR people are so nice ü§© ‚Ä¶,5,12/31/2025,1/1/2023,7,Service & Staff
Very lively and fun~,5,12/31/2025,1/1/2023,4,Crowd & Atmosphere
The PR was superb!,5,12/31/2025,1/1/2023,4,Service & Staff
The atmosphere is very good,5,12/31/2025,1/1/2024,5,Crowd & Atmosphere
